{
    // 调用的模型，在该包目录下的 models 文件夹中寻找
    "model": "gun/ak47.geo.json",
    // 调用的材质列表，用于加载模型材质、模型换肤
    "textures": [
        {
            // 材质的识别名，default为必须存在，否则枪械加载失败
            // default材质将作为默认材质在渲染时调用
            "id": "default",
            // 调用的材质的路径，会在该包目录下的 textures 文件夹中寻找
            "location": "gun/uv/ak47.png",
            // 该材质的显示名，要支持本地化
            "name": "tac.texture.ak47.default.name"
        }
    ],
    // GUI/HUD 界面的 2D 材质，在该包目录下的 textures 文件夹中寻找
    "hud": "gun/hud/ak47.png",
    // 背包/快捷栏等容器中槽位显示的 2D 材质，在该包目录下的 textures 文件夹中寻找
    "slot": "gun/slot/ak47.png",
    // 调用的动画名，会在该包目录下的 animations 文件夹中寻找
    "animation": "ak47.geo.gltf",
    // 调整各个视角下模型的变换参数
    "transform": {
        // 第三人称右手
	"thirdperson_righthand": {
		"rotation": [45, -115, 0],
		"translation": [0, -0.5, -0.5],
		"scale": [0.375, 0.375, 0.375]
	},
        // 第三人称左手
	"thirdperson_lefthand": {
		"rotation": [0, -45, 30],
		"translation": [1.75, 1.75, 1.75],
		"scale": [0.25, 0.25, 0.25]
	},
        // 地面实体
	"ground": {
		"translation": [-2.75, 2, -1.75],
		"scale": [0.375, 0.375, 0.375]
	},
        // 展示框
	"fixed": {
		"rotation": [0, 180, 0],
		"translation": [2, -2.25, 0],
		"scale": [0.4, 0.4, 0.4]
	}
    },
    // 抛壳的渲染数据
    "shell": {
        // 抛壳的运动速度
        "velocity": [8.0, 1.0, -0.5],
        // 抛壳随机变化的运动速度，乘 -1~1 后与上面的固定速度叠加
        "random_velocity": [0.0, 1.5, 0.0],
        // 抛壳的三轴角速度
        "angular_velocity": [45.0, -90.0, 15.0],
        // 抛壳渲染存活时间，单位为秒
        "living_time": 1.0
    }
}